Year_Country,"Government expenditure on education, total (% of GDP)","Government expenditure on education, total (% of government expenditure)",Expenditure on tertiary education (% of government expenditure on education),"Government expenditure per student, tertiary (% of GDP per capita)",Expenditure on secondary education (% of government expenditure on education),"Government expenditure per student, secondary (% of GDP per capita)",Expenditure on primary education (% of government expenditure on education),"Government expenditure per student, primary (% of GDP per capita)","Current education expenditure, total (% of total expenditure in public institutions)","Current education expenditure, tertiary (% of total expenditure in tertiary public institutions)","Current education expenditure, secondary (% of total expenditure in secondary public institutions)","Current education expenditure, primary (% of total expenditure in primary public institutions)","Literacy rate, adult total (% of people ages 15 and above)","Literacy rate, youth total (% of people ages 15-24)"
2000_Albania,3.28692007064819,10.137029647827099,,,,,,,,,,,,
2000_Algeria,,,,,,17.4437599182129,,9.94404983520508,,,,,,
2000_Argentina,4.580309867858889,16.2263507843018,18.135009765625,17.4208202362061,35.7032508850098,15.825059890747099,35.691291809081996,12.360960006713901,,,,,,
2000_Australia,4.89369010925293,13.3601598739624,23.4199295043945,,38.5898094177246,,34.0679206848145,16.753559112548803,92.9892425537109,90.3780364990234,94.2830581665039,94.5791168212891,,
2000_Austria,5.588809967041019,11.0332202911377,25.009689331054698,,45.413459777832,27.160459518432603,19.697799682617198,22.475929260253896,95.10350799560551,96.7540130615234,94.9424667358398,94.63717651367192,,
2000_Belgium,,,,,,,,,,,,,,
2000_Brazil,3.94893002510071,11.452159881591802,22.0737800598145,54.9357109069824,38.4423217773438,,30.881780624389602,10.5762996673584,93.8585891723633,96.9163665771484,94.4475784301758,91.9165802001953,86.3678817749023,94.18411254882808
2000_Bulgaria,,,,,,,,,,,,,,
2000_Canada,5.44200992584229,12.982600212097198,,,,,,,96.3984527587891,,,,,
2000_Chile,3.77583003044128,16.4279098510742,14.534640312194801,18.5242900848389,34.2698593139648,14.195240020752001,43.0182113647461,13.7842798233032,87.18878173828129,91.9614791870117,84.673957824707,84.7432479858398,,
2000_China,,,,,,,,,,,,,90.9202117919922,98.8587265014648
2000_Colombia,3.5112099647522004,13.2868299484253,19.877750396728498,30.1899108886719,33.0705986022949,13.1458902359009,44.5569190979004,12.1071195602417,,,,,,
2000_Costa Rica,4.68696022033691,,19.4376602172852,,28.0054492950439,20.1552791595459,46.526939392089794,15.5226802825928,,,,,94.8681869506836,97.6147003173828
2000_Croatia,,,,41.9231414794922,,,,,,96.8577880859375,,,,
2000_Cyprus,4.89277982711792,14.2683095932007,17.129930496215803,55.855751037597706,50.290889739990206,26.8186302185059,27.5694904327393,14.638770103454599,91.7948684692383,75.0957870483398,92.5879364013672,94.28890991210942,,
2000_Czechia,3.65089011192322,8.9122896194458,18.9773101806641,28.0065593719482,49.7488212585449,19.4474105834961,18.1888809204102,10.5587596893311,91.91177368164058,89.56826782226558,91.9493865966797,91.7727584838867,,
2000_Denmark,8.08432960510254,15.3441495895386,30.0013103485107,68.4637298583984,36.7402496337891,37.21644973754879,21.020399093627898,23.6179008483887,92.1229705810547,85.8744735717773,94.82821655273442,91.89215087890629,,
2000_Dominican Republic,1.88829004764557,12.9884796142578,,,,,,,,,,,,
2000_Estonia,5.3402099609375,14.6785001754761,,,,,,,,,,,99.7671966552734,99.77050018310551
2000_Finland,5.71687984466553,12.1709203720093,34.0304298400879,37.271511077880895,38.7822914123535,23.2270393371582,21.4021301269531,16.3201999664307,93.32675170898442,93.53958129882808,93.11077880859379,93.03964233398442,,
2000_France,,,17.6102199554443,,49.896278381347706,,20.169340133667,,90.4981231689453,88.5074234008789,89.7596282958984,90.3782424926758,,
2000_Georgia,2.18107008934021,12.5407199859619,,,,,,,,,,,,
2000_Germany,,,,,,,,,,,,,,
2000_Greece,3.23019003868103,6.957769870758059,24.032789230346697,19.8632907867432,40.670158386230504,19.216199874877898,,,81.8730926513672,75.61976623535159,82.74761962890629,,,
2000_Hungary,4.85891008377075,10.323610305786099,21.0196895599365,33.962009429931605,40.475559234619105,20.0444393157959,19.082330703735398,18.8993301391602,90.28192138671879,82.3733215332031,92.2828826904297,94.3539886474609,,
2000_Iceland,6.50241994857788,15.7391901016235,18.0891895294189,34.215671539306605,32.46630859375,18.4747905731201,37.011070251464794,21.6338996887207,,,,,,
2000_Indonesia,,,,,,,,,,,,,,
2000_Ireland,4.13662004470825,13.3974103927612,30.2747097015381,29.6704998016357,34.1263084411621,15.8809099197388,30.841119766235398,10.796609878539998,88.9014129638672,84.03285217285159,89.6995697021484,92.3212738037109,,
2000_Israel,6.11819982528687,12.95934009552,18.3018798828125,27.519830703735398,30.0336208343506,17.7897090911865,35.4284706115723,20.1454296112061,91.8900375366211,90.84158325195308,92.0702667236328,89.4068984985352,,
2000_Italy,4.2988600730896005,9.22249984741211,18.4998893737793,25.584810256957997,46.090999603271506,25.616689682006804,25.8183097839355,22.282169342041,92.0035934448242,82.849479675293,94.9651107788086,94.2118988037109,,
2000_Japan,,,,,,,,,,,,,,
2000_Jordan,,,,,,,,,,,,,,
2000_Kazakhstan,3.25661993026733,,,,,,,,,,,,,
2000_Latvia,5.28829002380371,14.6014795303345,16.260799407959002,22.314390182495103,48.6645698547363,22.862989425659197,20.8955192565918,19.3907299041748,94.16937255859379,79.1666717529297,93.82022094726558,93.76181030273442,99.7465667724609,99.7502593994141
2000_Lebanon,,,,,,,,,,,,,,
2000_Lithuania,,,,,,,,,,,,,,
2000_Luxembourg,,,,,,,,,,,,,,
2000_Malaysia,5.9716100692749,21.390680313110398,32.0625190734863,80.8300476074219,34.5071792602539,21.663410186767603,27.167959213256804,12.4308595657349,65.18752288818361,53.9803314208984,66.1720504760742,74.9956588745117,88.6877593994141,97.23780059814449
2000_Malta,,,,,,,,,,,,,,
2000_Mexico,3.99243998527527,19.6461296081543,,,,,40.3509407043457,11.098030090332001,,,,,90.5356216430664,96.6122817993164
2000_Montenegro,,,,,,,,,,,,,,
2000_Netherlands,4.6255002021789595,11.294059753417999,,,,,,,88.4495010375977,89.1082992553711,88.85729217529301,87.4312210083008,,
2000_New Zealand,,,,,,,,,,,,,,
2000_North Macedonia,,,,,,,,,,,,,,
2000_Norway,6.46468019485474,15.772620201110803,25.401109695434602,38.62208938598629,,,,,89.3192977905273,88.6803512573242,,,,
2000_Peru,3.22802996635437,15.250370025634801,,,28.379230499267603,9.9993896484375,41.8599891662598,8.07213020324707,95.5286178588867,,96.73251342773442,95.6089630126953,,
2000_Poland,4.99361991882324,11.869299888610803,14.463339805603,17.493389129638697,,,,,92.94727325439449,92.4955673217773,,,,
2000_Portugal,5.16176986694336,12.052880287170401,18.1287803649902,25.763380050659197,42.96321105957029,27.453929901123,29.941869735717802,19.6096496582031,94.53524780273442,85.66697692871091,95.6085968017578,98.12378692626949,,
2000_Qatar,3.72598004341125,9.67605018615723,,,,,,,,,,,,
2000_Republic of Korea,,,,,,,,,,,,,,
2000_Republic of Moldova,4.486390113830571,12.923930168151902,,,,,,,,,,,96.65380096435551,99.5250778198242
2000_Romania,2.8544299602508505,8.18758010864258,,,,,,,,,,,,
2000_Russian Federation,2.93981003761292,8.951849937438961,16.114200592040998,10.9687404632568,,,,,,,,,,
2000_Singapore,3.32136011123657,18.2845993041992,,,,,,,,,,,92.5494003295898,99.5046005249023
2000_Slovakia,3.8719899654388397,7.44282007217407,18.3729190826416,28.205509185791,51.026161193847706,15.8510103225708,15.6411800384521,10.5480098724365,95.2435989379883,89.8338165283203,95.9618301391602,96.7712020874023,,
2000_Slovenia,,,,,,,,,,,,,,
2000_Spain,4.17637014389038,10.6626300811768,21.789369583129897,20.184360504150398,43.7445487976074,22.8330001831055,25.8261795043945,17.2269401550293,91.0499420166016,78.4376907348633,94.9924087524414,95.9930191040039,,
2000_Sweden,6.81885004043579,12.9876699447632,27.1832809448242,47.4092407226563,37.7431297302246,24.4558506011963,27.894250869751,21.754819869995103,100.0,100.0,100.0,100.0,,
2000_Switzerland,4.7814002037048295,14.6406497955322,22.292179107666,48.8116989135742,39.44057083129879,24.6612606048584,31.4196090698242,20.0472393035889,91.0362014770508,88.3817596435547,92.51233673095699,90.15589141845699,,
2000_Thailand,5.25345993041992,28.388599395752,20.303630828857397,35.3390007019043,21.886510848999,,32.2286911010742,17.4728298187256,,,,,92.6465377807617,97.9753875732422
2000_Trinidad and Tobago,2.75565004348755,11.7311201095581,,,34.4629592895508,,50.24320983886721,10.416749954223599,,,,,97.9000015258789,99.4000015258789
2000_Tunisia,6.201980113983151,24.5917797088623,21.6549606323242,72.3510665893555,45.0306396484375,24.5339794158936,33.3143997192383,14.1746301651001,85.5146789550781,74.1462173461914,81.53407287597659,98.2849273681641,,
2000_Turkey,2.52907991409302,6.375830173492429,30.9111404418945,,,,,,85.6115493774414,78.5184326171875,,,,
2000_United Arab Emirates,,,,,,,,,,,,,,
2000_United Kingdom of Great Britain and Northern Ireland,4.071790218353271,12.0201101303101,17.540550231933597,20.7060508728027,48.7332992553711,21.9098091125488,24.711349487304698,12.748450279235803,94.8503265380859,,95.3556289672852,94.46643829345699,,
2000_United States of America,,,,,,,,,,,,,,
2000_Uruguay,2.4225499629974396,8.318530082702638,20.4781093597412,18.3022708892822,37.7866096496582,10.0047197341919,32.5535202026367,7.25879001617432,95.25489044189449,94.9022979736328,95.0516815185547,95.5722274780273,,
2000_Viet Nam,,,,,,,,,,,,,90.1561279296875,94.8365097045898
2003_Albania,3.06427001953125,10.573599815368699,,,,,,,,,,,,
2003_Algeria,,,,,,17.932659149169897,,11.5248699188232,,,,,,
2003_Argentina,3.5350499153137203,14.354869842529302,16.1871700286865,10.4249401092529,37.2598991394043,12.593600273132301,38.014801025390604,10.499400138855,99.1878204345703,99.0627975463867,99.3115386962891,99.1446914672852,,
2003_Australia,,,,,,,,,,,,,,
2003_Austria,5.36183023452759,10.739620208740199,23.519800186157198,,48.9391212463379,27.8782806396484,19.723089218139602,22.606229782104503,97.06688690185551,96.92568969726558,97.2206573486328,97.0437774658203,,
2003_Belgium,,,,,,,,,,,,,,
2003_Brazil,,,,,,,,,,,,,,
2003_Bulgaria,4.02937984466553,11.1802501678467,19.6962604522705,26.5359802246094,44.6104583740234,19.6103801727295,19.1056594848633,17.826589584350604,96.3232421875,94.0845184326172,96.9203033447266,97.27896118164058,,
2003_Canada,,,,,,,,,,,,,,
2003_Chile,3.9634599685668905,17.637220382690398,13.1512002944946,14.5215702056885,38.3832588195801,15.436120033264197,39.7918701171875,14.541830062866199,89.20166015625,93.1686325073242,86.86923217773442,86.9875717163086,,
2003_China,,,,,,,,,,,,,,
2003_Colombia,4.325139999389649,15.537260055542,,,,,,,,,,,,
2003_Costa Rica,5.1563601493835405,,,,,,,,,,,,,
2003_Croatia,3.8675498962402304,8.21189975738525,18.547260284423803,26.165540695190398,,,,,92.6765289306641,92.95545196533199,,,,
2003_Cyprus,6.65670013427734,16.515230178833,21.262729644775398,55.6418685913086,45.865451812744105,33.890369415283196,27.947290420532198,21.2558708190918,85.7841262817383,74.8565292358398,86.5494384765625,86.25330352783199,,
2003_Czechia,4.13642978668213,8.38265991210938,20.7544097900391,30.4927997589111,50.543701171875,21.3021392822266,15.7117204666138,11.693169593811,90.84902954101558,86.13452911376949,92.5681533813477,89.7126998901367,,
2003_Denmark,8.12193965911865,15.1417503356934,29.9951992034912,65.0940704345703,34.608200073242195,33.9077682495117,23.5328903198242,,93.3813705444336,94.236572265625,93.8538818359375,90.47222900390629,,
2003_Dominican Republic,1.8446500301361102,9.70180988311768,,,,,,,,,,,,
2003_Estonia,5.29463005065918,15.0490303039551,19.262750625610398,21.9722499847412,44.37361145019529,26.1663093566895,26.302659988403303,19.0564403533936,89.7880172729492,98.7146530151367,90.0394515991211,89.3888931274414,,
2003_Finland,6.17476987838745,12.775970458984402,32.031570434570305,35.351280212402294,41.0357818603516,25.9988803863525,21.6014595031738,17.7046203613281,91.2864303588867,95.013427734375,89.8664398193359,88.0628509521484,,
2003_France,5.746709823608401,10.787349700927699,20.2637500762939,34.1858100891113,48.9463691711426,29.870550155639602,18.808940887451197,17.7436504364014,90.83609008789058,88.9805068969727,90.02661895751949,93.42135620117192,,
2003_Georgia,2.06559991836548,12.492939949035598,,,,,,,,,,,,
2003_Germany,,,,,,,,,,,,,,
2003_Greece,3.42933988571167,7.360400199890139,30.9317893981934,20.645929336547898,36.4531593322754,19.1373901367188,,,78.16490173339841,59.2200698852539,86.3323974609375,,,
2003_Hungary,5.7895998954772905,11.8297700881958,20.6911697387695,31.078149795532198,45.808509826660206,26.082950592041,16.909000396728498,21.371080398559602,92.32678985595699,85.1731414794922,93.8829879760742,95.60650634765629,,
2003_Iceland,7.31735992431641,16.375900268554698,18.5846996307373,29.498929977417003,34.546600341796896,21.1605396270752,34.8693313598633,23.473680496215803,,,,,,
2003_Indonesia,3.21799993515015,16.278179168701197,,,,,,,,,,,,
2003_Ireland,4.20553016662598,12.747920036315902,24.8527507781982,22.8002109527588,35.3127899169922,18.458429336547898,34.178600311279304,12.833620071411099,92.66665649414058,95.08145141601558,92.0197067260742,91.6548309326172,,
2003_Israel,6.354589939117429,12.792200088501,18.4670696258545,26.052860260009798,28.9126796722412,18.3158893585205,35.8936614990234,21.7317905426025,92.4063186645508,90.29650115966801,92.76602172851558,89.9922714233398,,
2003_Italy,4.55480003356934,9.64083957672119,16.419010162353498,22.401460647582997,47.0518989562988,27.124780654907198,25.653850555419897,24.0994701385498,91.98342895507808,86.6511917114258,93.8211669921875,93.3693618774414,,
2003_Japan,,,,,,,,,,,,,,
2003_Jordan,,,,,,19.5960006713867,,16.4819507598877,,,88.9846878051758,88.8203887939453,89.8923187255859,99.1325912475586
2003_Kazakhstan,,,,,,,,,,,,,,
2003_Latvia,5.06728982925415,15.3767595291138,13.8741903305054,13.5234699249268,54.6149291992188,22.935710906982397,17.1663703918457,19.2554397583008,91.1454696655273,94.4444427490234,90.8727874755859,90.0505905151367,,
2003_Lebanon,,,,,,,,,,,,,,
2003_Lithuania,5.1085100173950195,15.9309797286987,19.2870502471924,19.8327102661133,50.433441162109396,19.626939773559602,14.7936296463013,14.062129974365199,95.5090713500977,92.6911163330078,95.93321990966801,94.410888671875,,
2003_Luxembourg,,,,,,23.4064598083496,,,,,82.3352813720703,,,
2003_Malaysia,7.5028800964355495,24.5424404144287,34.9864692687988,89.2833099365234,34.1218681335449,25.0953006744385,29.276809692382802,17.7442893981934,65.81027221679689,64.1504974365234,66.2131195068359,65.9623489379883,,
2003_Malta,,,,,,,,,,,,,,
2003_Mexico,5.07257986068726,22.4718704223633,16.8584003448486,40.3852081298828,29.1847496032715,15.3358697891235,39.2833099365234,14.0724401473999,96.8780975341797,94.7836227416992,96.5826034545898,97.66058349609379,,
2003_Montenegro,,,,,,,,,,,,,97.7734603881836,99.41027069091801
2003_Netherlands,5.1014900207519505,11.6222496032715,,,,,,,87.16754150390629,87.75347900390629,86.64675903320308,87.2862777709961,,
2003_New Zealand,6.4375300407409695,16.7755508422852,,,,,,,,,,,,
2003_North Macedonia,,,,,,,,,,,,,,
2003_Norway,7.4197998046875,15.684929847717301,30.390579223632802,48.4634284973145,36.047550201416,31.712049484252898,26.6308898925781,20.8497295379639,89.05615234375,91.1352920532227,88.3463592529297,87.1627197265625,,
2003_Peru,2.9377999305725098,14.6583099365234,13.2459497451782,12.5002899169922,30.311719894409197,10.219639778137198,35.953498840331996,6.77369022369385,93.5272598266602,85.5799331665039,96.2652206420898,99.0121078491211,,
2003_Poland,5.33218002319336,11.644379615783699,19.1422500610352,19.6612701416016,37.6429100036621,19.6868896484375,33.3778915405273,22.7937393188477,94.0529022216797,89.18128204345699,94.8104476928711,94.9071884155273,,
2003_Portugal,5.2782697677612305,11.6563301086426,18.037639617919897,24.842340469360398,40.971771240234396,29.5210990905762,30.378969192504897,21.8402805328369,96.71066284179692,94.93457794189449,96.11791229248051,98.27850341796879,,
2003_Qatar,3.3739399909973105,10.7000598907471,,,,,,,,,,,,
2003_Republic of Korea,4.13241004943848,,13.60023021698,8.35019969940186,41.4124908447266,22.4817199707031,35.238151550293004,16.6629791259766,79.7964324951172,82.79820251464841,78.8340225219727,78.9612197875977,,
2003_Republic of Moldova,5.42490005493164,16.192590713501,,,,,,,,,,,,
2003_Romania,3.42195010185242,11.1390600204468,19.714889526367198,22.603700637817397,40.1278800964355,13.3558502197266,15.9088401794434,11.853879928588901,91.922119140625,77.6038589477539,95.3134307861328,96.0460891723633,,
2003_Russian Federation,3.67853999137878,10.5316896438599,18.4654903411865,11.4351396560669,,,,,,,,,,
2003_Singapore,4.00778007507324,21.8065204620361,,,,,,,,,,,,
2003_Slovakia,4.2172098159789995,10.567740440368699,19.6573600769043,28.177059173584,50.5513801574707,17.108190536499,14.950360298156701,12.547400474548303,93.26983642578129,89.88919067382808,93.19442749023442,94.6122589111328,,
2003_Slovenia,5.69127988815308,13.695960044860803,22.328079223632802,24.9238605499268,46.594520568847706,,21.763469696044897,,90.3785400390625,91.4199600219727,90.1789169311523,88.6553268432617,,
2003_Spain,4.16717004776001,10.887550354003901,23.2186393737793,22.1769695281982,40.254951477050795,23.1828594207764,25.716909408569304,18.1693496704102,88.955810546875,79.796257019043,91.06463623046879,94.2189178466797,,
2003_Sweden,6.8576397895813,12.9209203720093,28.8677597045898,42.7682113647461,36.41856002807621,24.371789932251,27.550289154052702,21.8415908813477,94.6393890380859,100.0,92.7593612670898,92.8220062255859,,
2003_Switzerland,5.52375984191895,16.3348903656006,27.0848007202148,59.04267883300779,36.4589385986328,26.606500625610398,29.9740390777588,22.687929153442397,90.3154525756836,89.5875625610352,91.55886840820308,88.0808486938477,,
2003_Thailand,3.7256100177764906,20.8663501739502,,,,,,,,,,,,
2003_Trinidad and Tobago,3.1366000175476096,13.9100704193115,,,36.8307991027832,,39.1824188232422,11.189310073852502,,,,,,
2003_Tunisia,6.81673002243042,27.684289932251,24.4137802124023,60.7449607849121,40.606109619140604,23.7392406463623,34.980110168456996,18.558219909668,,,,,,
2003_Turkey,2.8766300678253196,7.419879913330081,32.4420890808105,32.1472396850586,,,,,85.4304122924805,82.854362487793,,,,
2003_United Arab Emirates,,,,,,,,,,,,,,
2003_United Kingdom of Great Britain and Northern Ireland,4.84832000732422,13.600709915161099,19.7607707977295,24.862300872802702,48.2742309570313,25.076580047607397,25.477340698242198,16.339820861816403,93.91741943359379,,93.3663864135742,94.4434967041016,,
2003_United States of America,,,,,,,,,,,,,,
2003_Uruguay,2.0682098865509,6.8013401031494105,25.939500808715803,17.094659805297898,32.468269348144496,6.49912977218628,31.0961093902588,5.85303020477295,92.7220077514648,95.1523590087891,87.67019653320308,93.9529037475586,,
2003_Viet Nam,,,,,,,,,,,,,,
2006_Albania,3.1571900844573997,10.9329500198364,,,,,,,,,,,,
2006_Algeria,,,,,,,,,,,,,72.648681640625,91.7796401977539
2006_Argentina,4.12821006774902,15.5100002288818,17.7541408538818,13.1567697525024,40.0211601257324,16.5066299438477,35.0424118041992,11.5965003967285,97.5134506225586,98.8617095947266,97.37830352783199,97.0569076538086,98.6108016967773,99.4460830688477
2006_Australia,4.75359010696411,13.178199768066401,21.980079650878896,,39.600151062011705,,34.9682197570801,17.744960784912102,,89.2672271728516,91.8915786743164,91.93859100341801,,
2006_Austria,5.22652006149292,10.3745803833008,27.1619300842285,,46.5793113708496,25.7092208862305,18.5685501098633,22.585950851440398,95.88922119140629,93.7842636108398,97.6040267944336,95.1570816040039,,
2006_Belgium,,,,,,,,,,,,,,
2006_Brazil,4.87060022354126,12.423319816589402,16.664230346679698,,43.7879791259766,,32.024669647216804,,94.0681610107422,94.0714111328125,95.1604537963867,93.26553344726558,89.61522674560551,97.5822982788086
2006_Bulgaria,3.93201994895935,12.010479927063,17.2885608673096,21.2066497802734,44.689151763915994,20.1410503387451,19.7152690887451,21.5606307983398,91.4995269775391,87.1211395263672,92.1542282104492,92.64254760742192,,
2006_Canada,,,,,,,,,93.7789688110352,92.4685287475586,,,,
2006_Chile,3.0215299129486097,16.2312793731689,14.811579704284698,11.047080039978,38.6039886474609,11.6508102416992,35.891750335693395,10.4430198669434,95.04004669189449,92.08556365966801,96.0655899047852,96.62890625,,
2006_China,,,,,,,,,,,,,,
2006_Colombia,3.89332008361816,13.7688302993774,,,,,,,,,,,92.2996826171875,97.88317108154301
2006_Costa Rica,4.63918018341064,,20.9271297454834,,30.0879096984863,16.062780380249,39.42055130004879,14.4176998138428,,,98.65463256835942,98.0809173583984,,
2006_Croatia,,,,,,,,,,,,,,
2006_Cyprus,6.22760009765625,16.179620742797898,23.5266304016113,53.445011138915994,43.840171813964794,31.6821308135986,27.7900199890137,21.766180038452102,87.9681015014648,79.57293701171879,90.4866409301758,86.05596923828129,,
2006_Czechia,4.21710014343262,10.1969404220581,26.6974201202393,34.104259490966804,47.208988189697294,21.09547996521,13.564689636230499,12.3756904602051,89.5749969482422,88.00811767578129,91.1901626586914,88.1030426025391,,
2006_Denmark,7.7299098968505895,15.5126399993896,28.3820991516113,52.1155891418457,36.9859199523926,33.5299301147461,23.6902904510498,23.946870803832997,94.6005020141602,96.5263137817383,93.5928573608398,92.9741973876953,,
2006_Dominican Republic,,,,,,,,,,,,,,
2006_Estonia,,,,,,,,,,,,,,
2006_Finland,5.9380998611450195,12.283820152282699,31.651859283447298,32.036041259765604,42.193878173828104,30.5034103393555,20.6201992034912,17.3281002044678,92.4534378051758,95.57373809814449,90.3369598388672,91.14586639404301,,
2006_France,5.45718002319336,10.321009635925302,21.409740447998,33.7523193359375,46.954250335693395,27.187200546264602,20.0942096710205,17.2172603607178,90.2833786010742,88.2287063598633,89.1914291381836,93.4637680053711,,
2006_Georgia,3.00363993644714,12.895389556884801,,,,,,,,,,,,
2006_Germany,4.27930021286011,9.574159622192381,25.1859703063965,,47.1150093078613,20.208869934082,14.738039970397901,15.6047201156616,92.7268905639648,91.97264862060551,92.9944381713867,91.78704833984379,,
2006_Greece,,,,,,,,,,,,,,
2006_Hungary,5.30903005599976,10.3277101516724,19.1414909362793,23.3297500610352,40.372650146484396,22.7504997253418,19.49534034729,25.066280364990202,92.3745498657227,88.5130386352539,93.65463256835942,95.0236282348633,,
2006_Iceland,7.37106990814209,17.925579071044897,17.9775695800781,25.6060905456543,33.6147994995117,22.203599929809602,34.642101287841804,25.499000549316396,90.0112686157227,92.41845703125,89.80618286132808,87.4288482666016,,
2006_Indonesia,,,,,,,,,,,,,91.98226928710942,96.6510391235352
2006_Ireland,4.545470237731929,13.429759979247999,23.946849822998,24.69993019104,34.789840698242195,21.109689712524396,33.8711814880371,14.2543601989746,91.9516830444336,93.4657821655273,91.2606430053711,91.6194915771484,,
2006_Israel,5.7630300521850595,13.1315498352051,16.473180770874,21.590539932251,28.853979110717802,17.254470825195302,37.286590576171896,20.586950302124,93.95480346679692,89.7196273803711,93.9923095703125,92.24524688720699,,
2006_Italy,4.53776979446411,9.52719020843506,16.9850692749023,22.0865097045898,46.2350196838379,26.919620513916,25.0557708740234,23.6924991607666,94.3081588745117,89.2692489624023,96.0367584228516,95.13726806640629,,
2006_Japan,,,,,,,,,,,,,,
2006_Jordan,,,,,,17.448560714721697,,13.766500473022498,,,87.6492919921875,85.5854110717773,,
2006_Kazakhstan,2.62678003311157,13.2673397064209,16.3961601257324,7.49531984329224,,,,,92.07324981689449,85.9778518676758,,,,
2006_Latvia,4.71155023574829,13.9116296768188,17.9230098724365,14.286319732666,43.0217399597168,17.3994998931885,25.359859466552702,33.6385688781738,87.4823837280273,89.23204803466801,87.3037796020508,86.1558685302734,,
2006_Lebanon,2.80862998962402,7.6931900978088406,27.2607803344727,17.94407081604,,,,,96.3667221069336,99.5766830444336,,,,
2006_Lithuania,4.82054996490479,14.289649963378901,20.5725193023682,15.7545700073242,50.772800445556605,19.147659301757802,15.0447196960449,15.408860206603999,90.5268325805664,85.98385620117192,91.4657211303711,89.1556625366211,,
2006_Luxembourg,,,,,,20.2211093902588,,,,,87.01345825195308,,,
2006_Malaysia,4.485770225524901,16.745569229126,36.1329116821289,57.4751205444336,29.560569763183604,13.777930259704599,27.707139968872102,10.0994501113892,,78.5481872558594,96.6050491333008,,,
2006_Malta,,,,,,,,,,,,,,
2006_Mexico,4.6999201774597195,20.8243198394775,17.1988792419434,36.3716316223145,29.7911491394043,14.0125999450684,38.820991516113295,13.3532304763794,96.76209259033199,95.6841583251953,97.1573028564453,97.5839462280273,91.7345199584961,97.89566040039058
2006_Montenegro,,,,,,,,,,,,,,
2006_Netherlands,5.09046983718872,12.0650300979614,,,,,,,86.3684616088867,87.85662841796879,84.6453475952148,87.2393798828125,,
2006_New Zealand,5.95282983779907,15.179030418396001,,,,,,,,,,,,
2006_North Macedonia,,,,,,,,,,,,,,
2006_Norway,6.38566017150879,15.864870071411099,31.545509338378896,43.725830078125,35.1452598571777,25.368610382080103,25.639829635620103,17.7592601776123,89.3261871337891,93.953857421875,,88.1519317626953,,
2006_Peru,2.6528100967407204,14.0353002548218,14.425559997558599,11.242429733276401,35.5043792724609,10.3644304275513,40.443019866943395,7.4439902305603,90.744140625,77.9937515258789,88.0113372802734,96.6097564697266,88.6993408203125,97.7571334838867
2006_Poland,5.205729961395259,12.665410041809098,18.30544090271,16.9391193389893,38.2215118408203,22.8795509338379,32.530948638916,24.823509216308604,90.5094833374023,85.468620300293,92.3969879150391,88.8923797607422,,
2006_Portugal,4.90802001953125,10.8709497451782,19.0438003540039,26.7753391265869,40.4145393371582,31.5399894714355,30.1716995239258,20.762020111084002,96.10800170898442,89.4742584228516,97.49549102783199,98.83273315429692,,
2006_Qatar,,,,,,,,,,,,,,
2006_Republic of Korea,3.9674301147460898,,14.962929725647,8.97463989257813,42.0392303466797,20.908109664917,33.173858642578104,16.208740234375,87.9584808349609,83.9737091064453,88.78768920898442,88.30309295654301,,
2006_Republic of Moldova,7.4989299774169895,18.608819961547898,19.4153900146484,36.3121795654297,,,,,97.0167770385742,100.0,,,,
2006_Romania,4.25387001037598,12.7196197509766,20.950309753418,22.6210403442383,19.5237197875977,8.74394989013672,37.227729797363295,35.777679443359396,82.277229309082,67.6032562255859,86.8727035522461,91.7667617797852,,
2006_Russian Federation,3.86626005172729,12.425800323486301,21.896509170532198,13.210280418396001,,,,,,,,,,
2006_Singapore,2.86787009239197,19.749319076538104,,,,,,,,,,,,
2006_Slovakia,3.7135400772094704,9.58010959625244,23.6755199432373,23.865419387817397,46.41545104980471,14.4680795669556,17.5998802185059,14.919480323791499,94.1937408447266,90.5942764282227,95.12256622314449,95.7158584594727,,
2006_Slovenia,5.5755901336669895,13.319700241088901,21.7679595947266,21.0295505523682,,,,,89.6972122192383,89.0211868286133,,,,
2006_Spain,4.16759014129639,10.8859100341797,22.2530307769775,23.012210845947298,39.2038993835449,23.4674797058105,25.7071800231934,19.0171909332275,88.3616485595703,81.85679626464841,90.1676712036133,91.4854583740234,,
2006_Sweden,6.41066980361938,12.807020187377901,26.8014602661133,36.9171600341797,38.602321624755895,29.9390296936035,24.9018497467041,23.1251106262207,93.6938018798828,96.0065765380859,92.74765014648442,92.8243179321289,,
2006_Switzerland,4.9615797996521,15.970049858093299,26.5932102203369,48.1691093444824,37.5044593811035,23.843240737915,29.235460281372102,20.995290756225604,91.4737396240234,91.3125762939453,92.2594375610352,89.7076873779297,,
2006_Thailand,4.05038022994995,22.0027904510498,23.7406005859375,27.0658493041992,,,,,,,,,,
2006_Trinidad and Tobago,,,,,,,,,,,,,,
2006_Tunisia,6.43859004974365,26.8613090515137,24.254539489746104,46.919651031494105,,,,,,,,,,
2006_Turkey,2.7506299018859903,7.96737003326416,31.8963508605957,25.7499599456787,,,,,89.4463119506836,78.60865783691409,,,88.11939239501949,96.1815032958984
2006_United Arab Emirates,,,,,,,,,,,89.7194671630859,91.20974731445308,,
2006_United Kingdom of Great Britain and Northern Ireland,5.02086019515991,13.1364402770996,20.1014404296875,26.0950202941895,43.314380645752,24.5171604156494,29.4455394744873,19.766689300537102,91.3767776489258,,92.2248687744141,89.1406784057617,,
2006_United States of America,,,,,,,,,,,,,,
2006_Uruguay,2.88025999069214,9.8754997253418,22.002309799194304,18.464670181274396,35.984958648681605,10.174280166626,33.3326797485352,8.565150260925291,94.2567520141602,93.9264373779297,93.1058120727539,95.41552734375,97.7896270751953,98.71251678466801
2006_Viet Nam,,,,,,,,,,,,,,
2009_Albania,,,,,,,,,,,,,,
2009_Algeria,,,,,,,,,,,,,,
2009_Argentina,5.53105020523071,16.0210399627686,18.850519180297898,17.7919006347656,40.773139953613295,21.966060638427702,32.8026504516602,14.802180290222198,96.0496673583984,98.64086151123051,95.3820419311523,95.4294281005859,98.9834213256836,99.58428955078129
2009_Australia,5.09326982498169,13.415019989013699,22.1126499176025,,37.7816009521484,,35.9632987976074,19.9490795135498,,86.92919921875,89.39132690429692,80.7544937133789,,
2009_Austria,5.73024988174438,10.583930015563999,26.195999145507802,36.216590881347706,46.733699798584006,29.283910751342802,17.4274291992188,25.1291198730469,95.8259735107422,93.3031387329102,98.13543701171879,97.22622680664058,,
2009_Belgium,,11.847319602966301,22.4258708953857,,,,,,96.26788330078129,97.04615020751949,,,,
2009_Brazil,5.4635500907897905,14.723690032959,15.988690376281701,27.8409690856934,44.608470916748,20.1127490997314,32.378810882568395,19.7558708190918,93.1786727905273,86.3871002197266,94.5865707397461,94.6043701171875,90.29821014404301,98.0655364990234
2009_Bulgaria,4.28574991226196,12.656749725341802,20.6942195892334,23.909349441528303,40.616050720214794,23.1631393432617,18.6071605682373,22.5443992614746,90.99803924560551,87.6324462890625,90.7022933959961,89.8118209838867,,
2009_Canada,4.85264015197754,12.483639717102099,36.068611145019496,40.1966514587402,,,,,90.9261932373047,88.3651504516602,,,,
2009_Chile,4.23064994812012,17.0356101989746,15.6017198562622,12.677249908447301,35.2323608398438,16.414909362793,36.386749267578104,16.074630737304698,97.0307998657227,94.9377899169922,97.65161895751949,97.9178009033203,98.55368041992192,98.8723831176758
2009_China,,,,,,,,,,,,,,
2009_Colombia,4.74742984771729,16.081169128418,19.593730926513697,26.900680541992198,35.014289855956996,15.1228904724121,38.407218933105504,15.6267004013062,,,100.0,100.0,93.24468994140629,97.9374313354492
2009_Costa Rica,6.046350002288821,,18.9862499237061,,31.2865505218506,20.9338302612305,41.2466888427734,21.053430557251,,,96.4930572509766,94.38323974609379,,
2009_Croatia,4.38924980163574,9.22725963592529,18.8506393432617,26.3511600494385,,,,,92.17807006835942,82.7827987670898,,,,
2009_Cyprus,7.2062201499939,17.2012500762939,25.7650203704834,48.4175491333008,41.3894691467285,37.3322601318359,27.7002105712891,28.886760711669897,88.0695266723633,79.5215682983398,90.7623062133789,88.1036529541016,,
2009_Czechia,4.17127990722656,9.43733024597168,23.222730636596697,24.270029067993196,46.3852691650391,23.271789550781303,15.9115896224976,15.0532703399658,88.84197998046879,89.3478164672852,89.8122711181641,87.9397506713867,,
2009_Denmark,8.44888019561768,14.9441699981689,27.6409606933594,54.986358642578104,33.690071105956996,31.8793792724609,24.356689453125,27.951759338378896,94.1465911865234,,94.29647827148442,90.7194671630859,,
2009_Dominican Republic,,,,,,6.90383005142212,,6.864520072937009,,,88.9826278686523,87.9985733032227,,
2009_Estonia,5.954150199890139,12.9300899505615,22.0696506500244,21.9366302490234,40.254909515380895,29.0146999359131,25.1119003295898,25.8216400146484,,,,,,
2009_Finland,6.4851799011230495,11.8433198928833,31.7484703063965,37.050121307373,42.5184288024902,34.3690795898438,19.7926197052002,19.5186500549316,93.74315643310551,96.0742568969727,92.1728286743164,93.0507125854492,,
2009_France,5.74618005752563,10.0542402267456,22.744249343872102,38.8631591796875,45.2540283203125,28.626600265502898,20.0927791595459,17.9907207489014,89.9898681640625,91.0763931274414,87.68914794921879,91.8337936401367,,
2009_Georgia,3.22238993644714,8.998250007629391,,,,,,,,,,,,
2009_Germany,4.88047981262207,10.258239746093802,26.4415798187256,,46.202598571777294,23.8578701019287,13.5490303039551,17.18869972229,91.8184280395508,89.8590774536133,92.9248275756836,91.65090942382808,,
2009_Greece,,,,,,,,,,,,,93.9051132202148,99.4910888671875
2009_Hungary,4.96436023712158,9.8643798828125,22.0575294494629,27.597509384155302,40.639820098877,22.1380996704102,16.8813495635986,21.5642395019531,91.57745361328129,84.11634826660159,94.1165084838867,94.38184356689449,,
2009_Iceland,7.30666017532349,15.160240173339801,20.3973999023438,28.056079864502,31.964599609375,21.2079391479492,32.608428955078104,25.413650512695302,92.2178497314453,99.9460678100586,93.01083374023442,89.5283889770508,,
2009_Indonesia,3.52513003349304,19.3084392547607,12.1656398773193,21.122360229492198,25.4962501525879,11.0197496414185,47.945770263671896,13.5286598205566,89.8113632202148,78.3651885986328,93.3588485717773,89.2355575561523,92.5817031860352,99.4737396240234
2009_Ireland,6.13522005081177,13.0517797470093,23.7471008300781,36.0523796081543,33.647171020507805,28.6715602874756,35.754730224609396,19.9442195892334,91.46617889404301,88.9610595703125,94.06124877929692,90.4565963745117,,
2009_Israel,5.4958400726318395,13.2111196517944,17.3158397674561,20.7811393737793,26.8460292816162,15.911600112915002,38.1564292907715,19.9688892364502,92.1334609985352,86.6220703125,91.62976837158199,90.1981582641602,,
2009_Italy,4.53631019592285,8.867170333862301,18.270000457763697,24.3460693359375,43.1121711730957,25.256759643554698,25.1790504455566,23.942579269409197,94.76439666748051,91.02822875976558,96.62242889404301,95.3175811767578,,
2009_Japan,,,,,,,,,,,,,,
2009_Jordan,,,,,,,,,,,,,,
2009_Kazakhstan,3.06071996688843,13.040900230407699,13.1338396072388,,,,,,91.02017211914058,89.39427947998051,,,99.7324066162109,99.8345108032227
2009_Latvia,5.57353019714355,13.025139808654801,13.957550048828098,12.3723201751709,40.2372589111328,29.997989654541,28.1889591217041,29.1241397857666,87.3064804077148,96.2065887451172,89.1208267211914,87.0641098022461,,
2009_Lebanon,1.7618499994278,5.502999782562259,26.6466007232666,9.83633995056152,,,,,,,,,91.1841888427734,99.24334716796879
2009_Lithuania,5.57741022109985,12.7776098251343,20.1457405090332,16.053489685058597,52.304538726806605,25.675630569457997,12.969670295715302,17.6623497009277,96.0903167724609,91.38186645507808,97.3046493530273,96.6428680419922,,
2009_Luxembourg,,,,,,,,,,,85.53302001953129,84.5740203857422,,
2009_Malaysia,5.97418022155762,18.4646301269531,35.9442901611328,59.2380790710449,32.8058090209961,21.2494297027588,27.6763095855713,14.133069992065401,84.50389099121091,70.6447296142578,92.6884994506836,91.6332778930664,,
2009_Malta,5.17037010192871,12.344940185546902,21.8542308807373,45.022819519043,47.273250579834006,,21.982990264892603,19.000659942627,94.3916168212891,96.44094848632808,91.6530532836914,97.4516067504883,,
2009_Mexico,5.18794012069702,18.665119171142603,20.0025100708008,43.8375396728516,30.248010635376,15.681770324707001,36.216461181640604,14.543829917907699,95.9171600341797,93.56195068359379,96.41921997070308,97.3613662719727,93.4418792724609,98.524658203125
2009_Montenegro,,,,,,,,,,,,,,
2009_Netherlands,5.49579000473022,11.613610267639197,,,,,,,87.8541488647461,91.4051666259766,85.99539184570308,87.22386932373051,,
2009_New Zealand,6.281169891357419,15.3594303131104,,,,,,,,,,,,
2009_North Macedonia,,,,,,,,,,,,,,
2009_Norway,7.095439910888669,15.6405696868896,30.431739807128896,47.5483512878418,35.1220092773438,28.3046607971191,26.0556697845459,20.918039321899396,87.53482055664058,94.0686264038086,85.39849853515629,85.8697128295898,,
2009_Peru,3.13994002342224,14.596309661865199,14.381839752197301,,33.4783706665039,11.461299896240199,40.3786010742188,9.70847988128662,80.8135604858398,79.7508773803711,80.3608779907227,82.1284637451172,,
2009_Poland,4.98909997940063,11.0764799118042,21.0209999084473,18.610179901123,36.899078369140604,23.742389678955103,31.043140411377,25.7535800933838,92.4136123657227,86.89759063720699,94.85150146484379,92.8378219604492,,
2009_Portugal,5.562139987945559,11.074810028076199,18.5307998657227,29.203050613403303,44.8768501281738,37.179500579834,27.0151290893555,21.3538703918457,93.75534057617192,94.78003692626949,89.4224472045898,98.0724334716797,,
2009_Qatar,3.4131500720977797,14.835650444030799,,,14.74059009552,10.498069763183599,17.6384296417236,9.881509780883789,,,,,94.7242889404297,97.75924682617192
2009_Republic of Korea,4.6698298454284695,,17.0603103637695,12.202630043029801,38.219978332519496,,32.6350784301758,,83.0018081665039,81.17588806152341,83.3922805786133,83.0023422241211,,
2009_Republic of Moldova,9.5097599029541,20.992630004882802,18.0586795806885,45.308780670165994,38.132759094238295,39.3707885742188,17.8856201171875,41.719108581543004,93.6102981567383,95.13452911376949,93.3721771240234,93.5761184692383,,
2009_Romania,4.03671979904175,11.021289825439501,28.2829608917236,21.17453956604,35.7201805114746,15.7739095687866,18.4216899871826,17.699880599975604,86.24990844726558,76.5008010864258,91.2863311767578,93.9051895141602,,
2009_Russian Federation,,,,,,,,,,,,,,
2009_Singapore,3.03184008598328,17.1988697052002,34.416690826416,25.4221496582031,24.8120307922363,15.749850273132301,21.622600555419897,10.585519790649402,91.2412872314453,95.38934326171879,89.49169158935551,85.6421813964844,,
2009_Slovakia,4.01094007492065,9.09838008880615,19.7819004058838,18.186569213867198,47.085731506347706,17.889799118042,18.400569915771502,18.2519207000732,94.3474884033203,90.73314666748051,95.1349411010742,95.3482284545898,,
2009_Slovenia,5.56859016418457,12.304180145263699,24.2513694763184,23.906019210815398,,,,,90.05905151367192,87.8326873779297,,,,
2009_Spain,4.86771011352539,10.632570266723599,22.8292808532715,28.6097602844238,37.500789642334,27.612340927124,25.3039398193359,21.2759399414063,88.45355224609379,81.21681213378909,90.60751342773442,91.9426422119141,97.6792678833008,99.5989990234375
2009_Sweden,6.85778999328613,13.265500068664599,28.0929794311523,42.392250061035206,36.78403854370121,31.1989402770996,24.0746898651123,26.7724800109863,93.9796371459961,96.5442428588867,92.6343307495117,93.0616073608398,,
2009_Switzerland,5.04118013381958,15.6436195373535,25.1430492401123,42.0379791259766,41.4536094665527,26.924800872802702,27.9276294708252,21.829490661621104,91.48609161376949,90.9122695922852,91.84400177001949,90.1453018188477,,
2009_Thailand,3.8619399070739706,18.1783008575439,19.318059921264602,20.6420993804932,15.597599983215302,8.4474401473999,46.138309478759794,22.190000534057603,,,,,,
2009_Trinidad and Tobago,,,,,,,,15.107159614563,,,,,,
2009_Tunisia,6.528480052948001,25.262010574340803,27.0245304107666,50.2990913391113,,,,,88.02487182617192,75.5232925415039,,,,
2009_Turkey,,,,,,,,,,,,,90.8167190551758,97.8074722290039
2009_United Arab Emirates,,,,,,,,,,,95.6951675415039,96.6286468505859,,
2009_United Kingdom of Great Britain and Northern Ireland,5.130670070648191,12.6148099899292,14.369720458984402,18.867010116577102,48.9195709228516,28.567480087280302,31.119670867919897,22.343980789184602,90.3580474853516,,91.11499786376949,88.2262420654297,,
2009_United States of America,,,,,,,,,,,,,,
2009_Uruguay,,,,,,,,,,,,,98.2672271728516,98.86148071289058
2009_Viet Nam,4.8165001869201705,15.239000320434599,13.6402597427368,32.4230995178223,43.1603317260742,,30.936580657959,19.3443202972412,75.4500732421875,70.68714904785159,74.537109375,80.0865478515625,93.52044677734379,97.09166717529301
2012_Albania,,,,,,,,,,,,,97.2469711303711,99.2313995361328
2012_Algeria,,,,,,,,,,,,,,
2012_Argentina,5.34582996368408,14.5186100006104,19.940660476684602,16.4376907348633,40.4383888244629,20.8602600097656,31.798849105835,14.622540473938,95.0755386352539,94.7358627319336,94.34095001220699,95.91954803466801,99.10523223876949,99.3758697509766
2012_Australia,4.87764978408813,13.183719635009801,23.6786193847656,19.1079006195068,35.2615089416504,16.1245803833008,34.140380859375,18.1803703308105,,,93.4061965942383,92.53726196289058,,
2012_Austria,5.48040008544922,10.701180458068801,33.3041801452637,37.064781188964794,41.2169189453125,26.712039947509798,15.4904298782349,21.345529556274396,96.02027130126949,93.52979278564449,97.9999237060547,97.7716217041016,,
2012_Belgium,,,,,,,,,,,,,,
2012_Brazil,5.85510015487671,15.7276296615601,17.30299949646,28.0594596862793,44.1181411743164,19.7930603027344,28.570039749145497,19.6704502105713,92.0146102905273,90.58432006835942,92.5086517333984,91.3513565063477,91.3378524780273,98.61965942382808
2012_Bulgaria,3.5020298957824703,10.690919876098599,17.805599212646502,15.4720001220703,39.157958984375,18.6433696746826,18.6286907196045,18.267559051513697,94.1383895874023,91.43121337890629,95.6229400634766,95.8143692016602,,
2012_Canada,,,,,,,,,,,,,,
2012_Chile,,,,15.130499839782699,,16.364629745483402,,16.685079574585,,,,,,
2012_China,,,,,,,,,,,,,,
2012_Colombia,4.38531017303467,15.512829780578599,21.9726905822754,23.066219329834,35.7023887634277,14.969090461731,34.963790893554695,15.1571102142334,77.715446472168,52.1037788391113,98.1520462036133,98.1520462036133,,
2012_Costa Rica,6.6898398399353,,19.687879562377898,30.170490264892603,33.123039245605504,24.109239578247102,39.102210998535206,24.6090793609619,,,94.9216079711914,92.8872528076172,,
2012_Croatia,,,,,,,,,,,,,,
2012_Cyprus,,,,,,,,,,,,,,
2012_Czechia,4.250860214233399,9.55685043334961,23.4214401245117,24.2458190917969,43.9723701477051,24.149700164794897,16.7775897979736,15.7022800445557,90.7386703491211,90.3206405639648,92.42150115966801,89.9027481079102,,
2012_Denmark,7.23782014846802,12.488710403442399,29.9953594207764,41.8996086120605,37.970451354980504,27.674329757690398,29.722909927368196,25.617370605468803,91.04678344726558,92.2612762451172,92.1540679931641,89.00277709960942,,
2012_Dominican Republic,,,,,,8.11431980133057,,8.84852027893066,,,,,90.15518188476558,97.0238876342773
2012_Estonia,4.71293020248413,11.9912004470825,21.8218593597412,17.3751106262207,36.402130126953104,24.539489746093803,27.0128707885742,21.895339965820302,,,,,,
2012_Finland,7.19254016876221,12.7972898483276,28.5646705627441,36.0121612548828,37.9514617919922,,18.3978004455566,,93.9919281005859,96.654296875,92.1255264282227,93.09219360351558,,
2012_France,5.45641994476318,9.55434989929199,22.638870239257802,34.0668792724609,44.397621154785206,26.825059890747102,20.649459838867198,17.497459411621097,91.3379135131836,91.7646636962891,90.9894790649414,91.4622116088867,,
2012_Georgia,1.98330998420715,6.707759857177731,19.1707992553711,14.634630203247099,32.128829956054695,,34.3392486572266,9.06904029846191,,,,,,
2012_Germany,4.93331003189087,11.137299537658699,26.7842197418213,39.53355026245121,43.1587600708008,23.0453395843506,12.810500144958501,17.3232707977295,92.4263229370117,89.658447265625,94.44735717773442,93.72396850585942,,
2012_Greece,,,,,,,,,,,,,,
2012_Hungary,4.17353010177612,8.61054992675781,19.0882301330566,21.158519744873,40.8503189086914,18.5009803771973,17.4304103851318,18.7337207794189,95.6465301513672,92.6906280517578,97.31446075439449,97.0299301147461,,
2012_Iceland,7.82601022720337,17.3314304351807,19.390079498290998,25.4844608306885,28.0010604858398,18.379779815673803,28.3536701202393,24.0603199005127,94.23255157470699,94.4159393310547,95.28231811523442,92.7742767333984,,
2012_Indonesia,3.40748000144959,18.090419769287102,17.1778297424316,23.368520736694304,26.0377902984619,10.2965202331543,41.7611083984375,11.5045604705811,86.64340209960942,71.7428283691406,92.560791015625,87.35870361328129,,
2012_Ireland,5.75110006332397,13.717780113220199,21.3931293487549,28.495569229126,33.4267616271973,25.7739791870117,36.8972015380859,18.4933300018311,94.9480972290039,94.0968704223633,95.6422576904297,94.5570602416992,,
2012_Israel,5.69726991653442,13.9187297821045,16.1774196624756,21.094890594482397,30.3945999145508,18.1723804473877,38.863899230956996,20.7455101013184,91.0450973510742,83.1325302124023,89.52011108398442,89.2176513671875,,
2012_Italy,4.083909988403319,8.04117965698242,19.26296043396,24.534730911254897,42.9731597900391,22.536560058593803,23.979139328002898,20.4117698669434,95.9000701904297,90.7573928833008,97.9125289916992,96.4471893310547,,
2012_Japan,3.6922600269317596,9.36686038970947,20.135330200195302,,38.146541595459,,33.4810600280762,,88.9809799194336,88.6875686645508,88.75164794921879,88.01354217529301,,
2012_Jordan,,,,,,,,,,,,,97.89031982421879,99.10572052001949
2012_Kazakhstan,,,,,,,,,91.7979278564453,88.7084503173828,92.3603286743164,,,
2012_Latvia,6.5943899154663095,17.7365493774414,20.6932601928711,22.679540634155302,33.1021385192871,34.2584609985352,28.1492099761963,32.3749389648438,87.5598983764648,79.7518768310547,88.06597900390629,87.8860015869141,,
2012_Lebanon,2.15629005432129,7.10915994644165,30.716960906982397,15.326439857482901,14.728599548339801,4.05716991424561,,,99.8182220458984,100.0,100.0,,,
2012_Lithuania,4.76682996749878,13.5359697341919,28.982610702514602,18.548160552978498,39.6612586975098,17.1841697692871,15.265179634094201,19.022230148315398,87.5215606689453,75.3093490600586,91.9591522216797,94.7933120727539,,
2012_Luxembourg,4.09041023254395,9.28219032287598,0.11095999926328698,,44.131900787353494,21.6047191619873,34.103328704834,20.9531192779541,87.5435028076172,86.58193969726558,89.9636611938477,85.705192565918,,
2012_Malaysia,5.73902988433838,19.928659439086896,28.4680995941162,44.264518737793,34.460178375244105,20.9215698242188,33.588508605956996,17.3454704284668,89.54891967773442,82.64967346191409,90.1200714111328,95.35472869873051,,
2012_Malta,6.5195598602294895,15.2615604400635,22.172540664672898,49.7030181884766,46.565399169921896,40.511680603027294,22.7269096374512,26.3708896636963,87.22339630126949,96.27703857421879,75.0064163208008,97.77169799804692,,
2012_Mexico,5.1030998229980495,18.0871906280518,19.4646396636963,37.3869400024414,31.368629455566396,15.7088003158569,34.6609497070313,14.253210067749,96.3935775756836,93.1876983642578,97.41516876220699,97.5089797973633,94.22840118408199,98.8754196166992
2012_Montenegro,,,,,,,,,,,,,,
2012_Netherlands,5.4756498336792,11.8322696685791,,,,,,,87.7403793334961,89.0223388671875,86.3526229858398,88.3081817626953,,
2012_New Zealand,7.1526799201965305,17.8199405670166,,,,,,,,,,,,
2012_North Macedonia,,,,,,,,,,,,,,
2012_Norway,7.36425018310547,17.4296493530273,,,,,22.0319499969482,19.2560997009277,90.71314239501949,,,90.2583770751953,,
2012_Peru,2.92276000976563,14.3690700531006,18.0585708618164,,31.867910385131804,10.757920265197802,36.6123008728027,9.2772798538208,75.55738830566409,83.5381698608398,72.8489074707031,75.7716522216797,93.8417282104492,98.6981582641602
2012_Poland,4.81181001663208,11.2269697189331,23.387390136718803,22.4817295074463,33.9537887573242,21.9407691955566,30.472980499267603,25.3828506469727,92.2529525756836,80.0784378051758,96.5645065307617,94.6569595336914,,
2012_Portugal,4.94640016555786,10.1930303573608,,,44.6452293395996,27.5672492980957,28.569290161132802,20.8964900970459,89.5438003540039,,85.71922302246091,96.1452102661133,,
2012_Qatar,3.50744009017944,12.3060302734375,,,,,,,,,,,,
2012_Republic of Korea,5.0963602066039995,,17.665340423584002,,43.431491851806605,,34.4725112915039,,86.7319717407227,87.4650497436523,85.052490234375,87.2800064086914,,
2012_Republic of Moldova,8.34895992279053,20.7419700622559,17.5631198883057,41.827911376953104,34.8732414245605,37.379608154296896,18.267370223999,38.87685012817379,93.35540771484379,93.6653594970703,94.8311386108398,95.1905975341797,99.13831329345699,99.4561614990234
2012_Romania,2.94603991508484,8.43579006195068,26.162889480590803,22.860740661621104,35.965179443359396,12.4900798797607,15.9153699874878,11.054789543151902,92.1110992431641,89.15219116210942,94.2906875610352,96.1571502685547,,
2012_Russian Federation,3.7897300720214804,11.1467599868774,21.1517391204834,15.248040199279801,,,,,90.8727035522461,85.3117904663086,90.1171112060547,,,
2012_Singapore,3.10851001739502,21.1614303588867,38.0352210998535,25.164979934692397,21.473590850830103,,20.5653400421143,,89.6005401611328,98.32073974609379,94.7777328491211,83.3708877563477,96.3697891235352,99.8949432373047
2012_Slovakia,3.90920996665955,9.62131023406982,23.9793395996094,22.2878799438477,44.13288879394529,17.9732608795166,18.771110534668,17.8641204833984,92.3809967041016,81.15785217285159,96.83688354492192,95.88217163085942,,
2012_Slovenia,5.64783000946045,12.631839752197301,21.2382202148438,24.101770401001,,,27.7772598266602,29.5221290588379,91.4563217163086,88.8895721435547,,93.0627593994141,,
2012_Spain,4.43187999725342,9.21341037750244,22.3069496154785,23.8498802185059,37.3306007385254,21.0144195556641,25.9488697052002,18.285800933837898,92.1551971435547,84.3298721313477,94.4690475463867,95.9089584350586,97.89453887939449,99.6727828979492
2012_Sweden,7.65618991851807,15.230170249939,25.2810707092285,42.4342613220215,28.8235702514648,24.7015399932861,21.9840106964111,22.0736408233643,94.35057830810551,96.63619995117192,92.7483291625977,93.41436767578129,,
2012_Switzerland,5.03337001800537,15.6438703536987,26.3080997467041,41.631401062011705,39.1218414306641,25.978210449218803,29.3326206207275,26.956239700317397,91.3387298583984,88.9254913330078,92.9203872680664,90.2781295776367,,
2012_Thailand,4.53670978546143,21.396799087524396,14.415140151977502,18.254959106445302,28.628110885620103,18.4115200042725,44.7812614440918,27.5364093780518,95.08770751953129,88.0376663208008,94.7693634033203,93.3136520385742,,
2012_Trinidad and Tobago,,,,,,,,,,,,,,
2012_Tunisia,6.250370025634769,20.9910106658936,28.127260208129897,53.5528907775879,,,,,,,93.46607208251949,96.2070083618164,80.21875,96.86499786376949
2012_Turkey,4.419000148773191,12.830470085144,34.9410781860352,42.6654510498047,37.6267318725586,11.7384996414185,22.5132999420166,13.2620601654053,87.8314971923828,77.0642776489258,93.1832962036133,91.3318099975586,94.9197463989258,99.01602172851558
2012_United Arab Emirates,,,,,,,,,,,,,,
2012_United Kingdom of Great Britain and Northern Ireland,,,,,,,,,,,,,,
2012_United States of America,5.19485998153687,13.463660240173303,28.4634990692139,21.932260513305696,33.985080718994105,22.8087005615234,30.9632205963135,20.5594501495361,89.3373870849609,85.42604064941409,91.18923950195308,91.18923950195308,,
2012_Uruguay,,,,,,,,,,,,,98.3959426879883,98.9552536010742
2012_Viet Nam,5.53328990936279,18.785020828247102,14.8252296447754,32.8142700195313,40.052341461181605,,29.805660247802702,21.0079307556152,79.70362854003909,78.9494400024414,78.7943496704102,83.6930313110352,,
2015_Albania,3.4379699230194105,11.3177003860474,21.1559906005859,13.052249908447301,21.5816593170166,6.7836799621582005,56.766929626464794,29.845680236816396,91.9454193115234,90.79503631591801,88.2799530029297,93.69515991210942,,
2015_Algeria,,,,,,,,,,,,,,
2015_Argentina,5.776110172271731,13.9634399414063,20.535699844360398,17.361469268798803,41.3327217102051,23.0128192901611,30.041339874267603,15.707770347595199,89.22708129882808,95.5008392333984,86.41626739501949,88.72744750976558,99.17996215820308,99.55970001220699
2015_Australia,5.321750164031981,14.0757999420166,28.855350494384798,21.5369606018066,30.5254096984863,17.1929092407227,31.7843399047852,18.8469295501709,92.3382720947266,88.5745162963867,95.2019195556641,94.99893188476558,,
2015_Austria,5.45304012298584,10.693479537963901,32.633590698242195,35.9603996276855,39.8773612976074,27.274400711059602,16.5679302215576,23.188659667968803,94.5102081298828,91.8300094604492,97.5038070678711,94.2064590454102,,
2015_Belgium,6.5523800849914595,12.1688499450684,22.1287498474121,32.3177909851074,,,23.535619735717802,22.0710391998291,94.9603424072266,95.0124893188477,,94.31854248046879,,
2015_Brazil,6.24105978012085,16.2488307952881,21.4540004730225,33.284069061279304,41.3708000183105,21.6834506988525,25.615070343017603,20.2011394500732,96.05126190185551,95.63939666748051,96.7785415649414,96.0952835083008,92.0478973388672,98.96375274658199
2015_Bulgaria,,,,,,,,,,,,,,
2015_Canada,,,,37.0360107421875,,,,17.615909576415998,,91.26812744140629,,92.9017486572266,,
2015_Chile,4.87370014190674,19.594049453735398,25.6818904876709,18.1971492767334,29.3654403686523,16.440069198608402,25.614749908447298,15.0078601837158,,,,,96.8741302490234,99.35394287109379
2015_China,,,,,,,,,,,,,,
2015_Colombia,4.50048017501831,15.0530195236206,21.3815898895264,20.2346591949463,35.406078338623,16.0305099487305,36.7236785888672,17.79541015625,74.7805099487305,45.5936813354492,93.6944122314453,93.6944122314453,94.2450485229492,98.53472900390629
2015_Costa Rica,7.082550048828129,,22.254320144653303,34.7868614196777,33.6808891296387,24.918870925903303,36.8382682800293,26.4952697753906,,,95.6027374267578,93.7995986938477,,
2015_Croatia,,,,,,,,,,,,,,
2015_Cyprus,6.3767399787902805,16.276250839233402,20.7040691375732,29.2765293121338,41.311798095703104,39.399440765380895,32.2074584960938,32.1951713562012,95.87896728515629,91.10131072998051,97.9094924926758,95.5635299682617,,
2015_Czechia,5.7888498306274405,13.8825197219849,13.327850341796902,20.9886302947998,29.804519653320302,23.667699813842802,13.280890464782699,14.9471797943115,92.13555908203129,89.9442977905273,89.3596878051758,87.8779983520508,,
2015_Denmark,,,,,,,,,,,,,,
2015_Dominican Republic,,,,,,13.387969970703098,,14.159770011901902,,,75.4191207885742,77.88262939453129,91.9912109375,97.6140594482422
2015_Estonia,5.21589994430542,12.9666004180908,27.0436897277832,33.6071586608887,25.8999195098877,18.1078701019287,23.861879348754897,17.9109497070313,91.63037872314449,89.25479125976558,89.4109725952148,94.0776214599609,,
2015_Finland,7.09182977676392,12.412229537963901,26.696260452270497,34.5501899719238,37.4682197570801,25.846700668335,20.2440795898438,22.031869888305696,91.15679931640629,95.8516693115234,89.62615966796879,87.6869125366211,,
2015_France,5.46424007415771,9.62020969390869,22.7907009124756,32.9669609069824,43.403049468994105,26.4537200927734,20.7152404785156,17.5395793914795,92.1727828979492,91.1752471923828,91.71240997314449,93.35968017578129,,
2015_Georgia,,,,,,,,,,92.08910369873051,,,,
2015_Germany,4.81340980529785,10.993510246276902,25.9490604400635,34.014900207519496,41.854709625244105,23.0407390594482,12.9330501556396,17.5384197235107,93.18054962158199,90.8308486938477,94.80429077148442,94.1149673461914,,
2015_Greece,,,,9.2001895904541,,22.582410812377898,,19.654830932617198,,58.2505683898926,94.6711578369141,95.86917114257808,,
2015_Hungary,4.5793600082397505,9.139140129089359,14.332750320434599,21.279850006103498,38.0975112915039,21.207660675048803,16.396060943603498,18.7017192840576,93.66943359375,89.8656463623047,97.48365020751949,97.28707885742192,,
2015_Iceland,7.711060047149661,18.158010482788104,18.8887691497803,25.374710083007802,28.129770278930696,20.8348293304443,28.6280193328857,23.340650558471697,94.4926910400391,93.6175765991211,95.2630233764648,94.0390167236328,,
2015_Indonesia,3.58360004425049,20.5032997131348,15.800230026245101,,26.9960498809814,10.513159751892099,42.5999298095703,13.269900321960401,88.1338424682617,77.7563095092773,92.7748184204102,87.5807266235352,95.2179336547852,99.6700668334961
2015_Ireland,3.76971006393433,13.0293302536011,23.345399856567397,18.4307498931885,33.2974815368652,16.4673805236816,36.8693389892578,11.866800308227502,93.1129302978516,94.4220733642578,93.41879272460942,92.7670516967773,,
2015_Israel,5.88141012191772,15.044030189514197,16.2344799041748,19.3395099639893,30.6261196136475,18.7268505096436,38.6804695129395,21.4409103393555,90.82855224609379,86.32327270507808,91.4242095947266,88.81165313720699,,
2015_Italy,4.0803599357605,8.11297988891602,18.5991592407227,25.2581996917725,42.7430381774902,22.897439956665,24.9721794128418,21.727350234985398,95.0234527587891,90.4370880126953,96.76763916015629,95.4156494140625,,
2015_Japan,,,,,,,,,,,,,,
2015_Jordan,,,,,,,,,,,,,,
2015_Kazakhstan,2.7885799407958998,12.1948699951172,15.256449699401902,11.335430145263699,65.7600479125977,19.1568202972412,,,96.5392837524414,94.2405319213867,96.92144775390629,,,
2015_Latvia,5.33721017837524,14.1274099349976,22.092100143432603,23.9241409301758,31.3947696685791,24.842679977417003,30.0877304077148,26.4067897796631,84.3717727661133,66.6161422729492,83.36798095703129,82.98870849609379,,
2015_Lebanon,,,,,,,,,,,,,,
2015_Lithuania,4.21805000305176,12.2882604598999,27.8594093322754,18.522020339965803,36.6706085205078,17.0520191192627,16.5482692718506,18.322219848632802,87.57543182373051,72.33506774902341,93.92076873779301,94.37045288085942,,
2015_Luxembourg,3.91547989845276,9.427610397338869,13.101140022277802,42.3261108398438,40.710121154785206,19.2132396697998,31.5985298156738,19.491840362548803,90.1530532836914,74.6608123779297,91.9669723510742,93.10877227783199,,
2015_Malaysia,4.97613000869751,19.8107891082764,,,,,33.1969985961914,16.3302707672119,94.3902435302734,,,99.08547973632808,,
2015_Malta,5.26746988296509,13.150890350341802,25.330869674682603,44.932861328125,37.5441093444824,29.8837890625,24.274789810180696,23.082279205322298,86.4064102172852,79.33612060546879,92.6674118041992,87.6343536376953,,
2015_Mexico,5.23945999145508,19.0187492370605,21.4754905700684,37.6163787841797,32.3100395202637,15.6402997970581,32.469718933105504,14.9032697677612,96.94082641601558,92.7563629150391,97.69180297851558,98.4335403442383,94.47228240966801,98.94470977783199
2015_Montenegro,,,,,,,,,,,,,,
2015_Netherlands,5.399419784545901,12.253849983215302,30.125930786132802,33.3593215942383,40.9069595336914,22.920469284057603,22.3461093902588,16.9853401184082,88.61257934570308,88.51828002929692,88.72760009765629,88.5802383422852,,
2015_New Zealand,6.33633995056152,16.3817291259766,25.566190719604503,26.9170703887939,36.9792709350586,20.8315391540527,23.236549377441396,18.330410003662102,,,,,,
2015_North Macedonia,,,,,,,,,,,,,,
2015_Norway,7.55247020721436,15.728070259094201,25.905000686645497,37.3229484558105,29.36496925354,26.3614501953125,23.7194004058838,21.5078296661377,87.7157669067383,90.26641845703129,86.52044677734379,85.5469512939453,,
2015_Peru,3.9667999744415297,17.5748596191406,16.0826797485352,,30.779649734497102,14.2865600585938,36.489860534668004,12.9266700744629,77.82533264160159,85.3422088623047,74.79396057128909,80.9551162719727,94.1623382568359,99.0095367431641
2015_Poland,4.81453990936279,11.582670211792,25.2831001281738,28.1125507354736,30.804090499877898,22.107830047607397,30.847070693969698,23.646429061889602,92.62841796875,83.3208923339844,97.18801879882808,94.9696273803711,,
2015_Portugal,4.88293981552124,10.152000427246099,18.3042907714844,26.484189987182603,42.6077919006348,27.693330764770497,28.9627990722656,22.509569168090803,95.2477188110352,92.15090942382808,94.00579833984379,98.7717437744141,,
2015_Qatar,,,,,,,,,,,,,,
2015_Republic of Korea,5.25270986557007,,18.9477291107178,15.2674102783203,39.8268890380859,28.5370407104492,31.8078098297119,30.379579544067397,88.9512100219727,87.0551528930664,89.5686569213867,89.0167083740234,,
2015_Republic of Moldova,,,,,,39.0774383544922,,41.414398193359396,92.4556427001953,95.5180282592773,90.8784027099609,90.8800811767578,,
2015_Romania,3.1064500808715803,9.076239585876461,21.1644401550293,23.9603099822998,41.1142997741699,16.1923408508301,13.3138599395752,8.65225982666016,94.3171768188477,94.30764770507808,96.10736083984379,96.5596923828125,,
2015_Russian Federation,3.8202500343322794,10.869469642639197,21.1423606872559,18.713520050048803,,,,,92.78594970703129,87.5239791870117,,,,
2015_Singapore,,,,,,,,,,,,,96.8254928588867,99.7848968505859
2015_Slovakia,4.64977979660034,10.2805500030518,29.9090003967285,26.7884006500244,37.929500579834,19.1989707946777,19.124710083007802,20.7648696899414,84.9659423828125,64.6855010986328,95.3964462280273,95.3951873779297,,
2015_Slovenia,4.91156005859375,11.218509674072301,19.869430541992198,22.544649124145497,34.3887901306152,23.873050689697298,28.3365802764893,24.5265998840332,91.8238372802734,89.63961791992192,92.86318969726558,92.31356811523442,,
2015_Spain,4.27700996398926,9.771039962768551,22.358009338378896,22.9421691894531,36.803840637206996,18.5198802947998,26.6421909332275,17.294549942016598,94.65103149414058,87.1153411865234,97.58746337890629,97.5067520141602,98.1432571411133,99.6556777954102
2015_Sweden,7.5513200759887695,15.5032796859741,24.9133491516113,43.135929107665994,27.1089706420898,23.5968894958496,23.3438396453857,21.344289779663104,94.9135589599609,96.3975067138672,93.5811080932617,94.4515609741211,,
2015_Switzerland,5.10465002059937,15.527839660644501,26.2625999450684,37.709259033203104,35.5710296630859,24.4747104644775,28.5237197875977,24.5876197814941,89.75731658935551,90.1119003295898,92.22409057617192,87.5526504516602,,
2015_Thailand,,,,,,,,,,,,,92.8683090209961,98.1466293334961
2015_Trinidad and Tobago,,,,,,,,,,,,,,
2015_Tunisia,6.59856986999512,22.8985404968262,23.938169479370103,55.196018218994105,71.5867385864258,52.8333396911621,,,,,,,,
2015_Turkey,4.2918701171875,12.838959693908699,34.5766181945801,32.163009643554695,37.8214111328125,11.530280113220199,22.883670806884798,14.340169906616199,87.4684677124023,77.3537902832031,91.3360595703125,91.8200912475586,95.6014175415039,99.49439239501949
2015_United Arab Emirates,,,,,,,,,,,,,,
2015_United Kingdom of Great Britain and Northern Ireland,5.6314802169799805,13.8366098403931,22.8207702636719,35.489841461181605,41.035831451416,23.147470474243196,32.166580200195305,25.0778408050537,97.3840789794922,,97.59020233154301,97.2886810302734,,
2015_United States of America,,,,,,,,19.8821105957031,,90.0581512451172,91.93203735351558,91.93203735351558,,
2015_Uruguay,,,,,,,,,95.9694671630859,92.82501220703129,97.79776000976558,95.60350799560551,98.5238723754883,98.9275970458984
2015_Viet Nam,,,,,,,,,,,,,,
